{"Overall Accuracy": 0.763671875, "Precision Score": 0.7873303167420814, "Recall Score": 0.7016129032258065, "F1 Score": 0.7420042643923241}