{"0": {"train_loss": 0.003922664398101695, "validation_loss": 0.003859913234441863}, "1": {"train_loss": 0.0035091193638050536, "validation_loss": 0.0031795399338863726}, "2": {"train_loss": 0.0032431250005946354, "validation_loss": 0.0031609486594551847}, "3": {"train_loss": 0.0032737765595260444, "validation_loss": 0.0029053508172769992}, "4": {"train_loss": 0.002916334305403077, "validation_loss": 0.0034187817281695937}, "5": {"train_loss": 0.00293707197609668, "validation_loss": 0.002789950035544179}, "6": {"train_loss": 0.0030421565761295797, "validation_loss": 0.002687405720884631}, "7": {"train_loss": 0.0029681473132575666, "validation_loss": 0.002629949546853807}, "8": {"train_loss": 0.002765116361181506, "validation_loss": 0.002741339402289163}, "9": {"train_loss": 0.0027990560267812034, "validation_loss": 0.002549115231647783}, "10": {"train_loss": 0.0026923918886688734, "validation_loss": 0.002696704972825716}, "11": {"train_loss": 0.0027492740412002822, "validation_loss": 0.0025142575616137566}, "12": {"train_loss": 0.0026307939022610135, "validation_loss": 0.0025285475582338146}, "13": {"train_loss": 0.002512335536514663, "validation_loss": 0.0024788890722536147}, "14": {"train_loss": 0.0026581720845900813, "validation_loss": 0.002399902157342693}, "15": {"train_loss": 0.0026129635172599756, "validation_loss": 0.002453098694351224}, "16": {"train_loss": 0.0025042005537684554, "validation_loss": 0.002652036849951952}, "17": {"train_loss": 0.0024206366638695313, "validation_loss": 0.0025648615734328024}, "18": {"train_loss": 0.0024219485887001747, "validation_loss": 0.0024044893882705417}, "19": {"train_loss": 0.002456863217627291, "validation_loss": 0.0023877973921336807}, "20": {"train_loss": 0.0024387130758964995, "validation_loss": 0.0024079198314803547}, "21": {"train_loss": 0.002409316378885485, "validation_loss": 0.002300881259294078}, "22": {"train_loss": 0.0025195792488485686, "validation_loss": 0.0023560237386969934}, "23": {"train_loss": 0.002488319918594436, "validation_loss": 0.0026302922652317196}, "24": {"train_loss": 0.0024252120082647625, "validation_loss": 0.0023244264134201116}, "25": {"train_loss": 0.0023766604664904826, "validation_loss": 0.002285020358287737}, "26": {"train_loss": 0.0024389056427136175, "validation_loss": 0.002266313333311824}, "27": {"train_loss": 0.0024301210889296435, "validation_loss": 0.0023500544962662016}, "28": {"train_loss": 0.002396521637406708, "validation_loss": 0.002331153653067056}, "29": {"train_loss": 0.002325427310124999, "validation_loss": 0.002349509862156385}, "30": {"train_loss": 0.00236216186683371, "validation_loss": 0.0023094367916541877}, "31": {"train_loss": 0.002420521073597201, "validation_loss": 0.0023724255871957443}, "32": {"train_loss": 0.0023240242806037495, "validation_loss": 0.002237728416120072}, "33": {"train_loss": 0.0024056783180585076, "validation_loss": 0.0023654337775666627}, "34": {"train_loss": 0.0023435495959623067, "validation_loss": 0.002546535641648307}, "35": {"train_loss": 0.0023666200601534606, "validation_loss": 0.002356436447275317}, "36": {"train_loss": 0.0024529546543349033, "validation_loss": 0.0022144104632528363}, "37": {"train_loss": 0.0024085055258844727, "validation_loss": 0.0022577507632786133}, "38": {"train_loss": 0.00228912463838545, "validation_loss": 0.0022522931513130613}, "39": {"train_loss": 0.0023066756222044314, "validation_loss": 0.002271957251836674}, "40": {"train_loss": 0.0023297308908888335, "validation_loss": 0.002203394311997449}, "41": {"train_loss": 0.002364184167659418, "validation_loss": 0.002193597371267945}, "42": {"train_loss": 0.002349436619128524, "validation_loss": 0.002273981079452844}, "43": {"train_loss": 0.002274843564285248, "validation_loss": 0.002201638123305321}, "44": {"train_loss": 0.002265140610909315, "validation_loss": 0.002219054464598264}, "45": {"train_loss": 0.0022168255456949046, "validation_loss": 0.002243433997282533}, "46": {"train_loss": 0.0022844934701976, "validation_loss": 0.002247050672284053}, "47": {"train_loss": 0.00225087994829554, "validation_loss": 0.0023030495912461737}, "48": {"train_loss": 0.002195878939484387, "validation_loss": 0.0022353819354073963}, "49": {"train_loss": 0.002249416795111205, "validation_loss": 0.002283731034799801}}