{"0": {"train_loss": 0.004870512147223757, "validation_loss": 0.0045532015107019475}, "1": {"train_loss": 0.00402104337098858, "validation_loss": 0.0046493293565062}, "2": {"train_loss": 0.003466289738313325, "validation_loss": 0.00364146311916268}, "3": {"train_loss": 0.0033681796743504464, "validation_loss": 0.003453128294848963}, "4": {"train_loss": 0.0037660775105318716, "validation_loss": 0.0034313482943091}, "5": {"train_loss": 0.003611489769912535, "validation_loss": 0.0033048286745527193}, "6": {"train_loss": 0.0031282363774915857, "validation_loss": 0.0034722909518896277}, "7": {"train_loss": 0.0032383271027356386, "validation_loss": 0.0034690457841326646}, "8": {"train_loss": 0.0029938900392622717, "validation_loss": 0.0031782630606211454}, "9": {"train_loss": 0.0030134311847148402, "validation_loss": 0.003337634944855986}, "10": {"train_loss": 0.0026951200448937953, "validation_loss": 0.0030837838579376546}, "11": {"train_loss": 0.0030097556375567954, "validation_loss": 0.0030264508082171724}, "12": {"train_loss": 0.00283248522018473, "validation_loss": 0.003111070858182438}, "13": {"train_loss": 0.003145124245014402, "validation_loss": 0.0031168563723149695}, "14": {"train_loss": 0.0028633393700264634, "validation_loss": 0.0034149434971873223}, "15": {"train_loss": 0.002790296897141924, "validation_loss": 0.003258895128369903}, "16": {"train_loss": 0.0027189627777965317, "validation_loss": 0.0029247954125751923}, "17": {"train_loss": 0.0025829397923042697, "validation_loss": 0.002964875019361477}, "18": {"train_loss": 0.002643788248420723, "validation_loss": 0.0028195786202038207}, "19": {"train_loss": 0.002629884297118312, "validation_loss": 0.0027519272754380902}, "20": {"train_loss": 0.00265171714953237, "validation_loss": 0.002838016352187509}, "21": {"train_loss": 0.00289361841315704, "validation_loss": 0.002888003862320024}, "22": {"train_loss": 0.0025789678141835237, "validation_loss": 0.0027290787529962524}, "23": {"train_loss": 0.0026947471065326563, "validation_loss": 0.002765429058217008}, "24": {"train_loss": 0.0026809274924979093, "validation_loss": 0.0027021072128170726}, "25": {"train_loss": 0.0025337122478372148, "validation_loss": 0.002701100393566434}, "26": {"train_loss": 0.0026590914217635027, "validation_loss": 0.002666794473890101}, "27": {"train_loss": 0.0025527028802541955, "validation_loss": 0.0028066305213493518}, "28": {"train_loss": 0.002459477336566535, "validation_loss": 0.0026514244797613347}, "29": {"train_loss": 0.0024221958442320747, "validation_loss": 0.0026554998417999453}, "30": {"train_loss": 0.002481487429430408, "validation_loss": 0.0026557220196973086}, "31": {"train_loss": 0.0023258791094826112, "validation_loss": 0.0025556763121084122}, "32": {"train_loss": 0.002529399822496118, "validation_loss": 0.002723209021608238}, "33": {"train_loss": 0.00281479959225943, "validation_loss": 0.0025723994621123327}, "34": {"train_loss": 0.0026718118122868962, "validation_loss": 0.0026725719479219917}, "35": {"train_loss": 0.0024728445531499964, "validation_loss": 0.0025524723384043446}, "36": {"train_loss": 0.002442713165956159, "validation_loss": 0.0025069683230758344}, "37": {"train_loss": 0.0024042983066230534, "validation_loss": 0.0025266664320915044}, "38": {"train_loss": 0.0022692989347682844, "validation_loss": 0.002598282054562093}, "39": {"train_loss": 0.0024726229321752344, "validation_loss": 0.00252097494819242}, "40": {"train_loss": 0.002419485350049311, "validation_loss": 0.002530472234154687}, "41": {"train_loss": 0.00247520093445576, "validation_loss": 0.002504242856836761}, "42": {"train_loss": 0.0024033036165600342, "validation_loss": 0.0024937273820747844}, "43": {"train_loss": 0.002479768853874937, "validation_loss": 0.002446553960610467}, "44": {"train_loss": 0.0024294604344533817, "validation_loss": 0.0024768079842721847}, "45": {"train_loss": 0.0025672337543519753, "validation_loss": 0.0027961543599820085}, "46": {"train_loss": 0.0024344842813368286, "validation_loss": 0.002481990937760476}, "47": {"train_loss": 0.0021828871160264936, "validation_loss": 0.002476850272658879}, "48": {"train_loss": 0.002348320543645851, "validation_loss": 0.002467261552137782}, "49": {"train_loss": 0.0023952373378579657, "validation_loss": 0.00244198174586834}}