{"overall_accuracy": 0.992, "precision": 0.9949698189134809, "recall": 0.989, "f1score": 0.9919759277833501}