{"overall_accuracy": 0.994, "precision": 0.9959839357429718, "recall": 0.992, "f1score": 0.9939879759519038}