{"overall_accuracy": 0.9945, "precision": 0.9979859013091642, "recall": 0.991, "f1score": 0.9944806823883593}