{"0": {"train_loss": 0.0013441777462139726, "validation_loss": 0.0013613264528591774}, "1": {"train_loss": 0.0010859595965594052, "validation_loss": 0.0011040679984952438}, "2": {"train_loss": 0.0010060140162240713, "validation_loss": 0.0010143466883262122}, "3": {"train_loss": 0.0009735780027695, "validation_loss": 0.0010142288603048274}, "4": {"train_loss": 0.0009437981984810903, "validation_loss": 0.0009066059412533013}, "5": {"train_loss": 0.0009201622727559879, "validation_loss": 0.0009205180582064857}, "6": {"train_loss": 0.0009057892026612535, "validation_loss": 0.0009518468458895462}, "7": {"train_loss": 0.0008877238943241537, "validation_loss": 0.0010469896336283025}, "8": {"train_loss": 0.0009098966517485679, "validation_loss": 0.0009162380991748493}, "9": {"train_loss": 0.0008887132818344981, "validation_loss": 0.0008941033288049354}, "10": {"train_loss": 0.0009222478644223883, "validation_loss": 0.0009149117719092164}, "11": {"train_loss": 0.0008579556200420484, "validation_loss": 0.000876259373530587}, "12": {"train_loss": 0.0008637719590915367, "validation_loss": 0.000881258364982387}, "13": {"train_loss": 0.0008821943659568205, "validation_loss": 0.000949554131165956}, "14": {"train_loss": 0.0008295231726951897, "validation_loss": 0.0008728154061269194}, "15": {"train_loss": 0.0008742941715754568, "validation_loss": 0.0009491251780949735}, "16": {"train_loss": 0.0008289118370739744, "validation_loss": 0.000859275981039792}, "17": {"train_loss": 0.0008624173142015934, "validation_loss": 0.0008913425205293888}, "18": {"train_loss": 0.0008205488086678088, "validation_loss": 0.0008933513742174134}, "19": {"train_loss": 0.0008040055336896331, "validation_loss": 0.0008556897675940887}, "20": {"train_loss": 0.0007975096112350002, "validation_loss": 0.0009207663566329333}, "21": {"train_loss": 0.0008460280844010412, "validation_loss": 0.0008316990941085436}, "22": {"train_loss": 0.0008364299306413158, "validation_loss": 0.0008671106626325831}, "23": {"train_loss": 0.0008165270643075928, "validation_loss": 0.0008527479969145002}, "24": {"train_loss": 0.0007983937987592071, "validation_loss": 0.0008690450777904794}, "25": {"train_loss": 0.0008290286910487339, "validation_loss": 0.0009081640433247773}, "26": {"train_loss": 0.0008202322274446488, "validation_loss": 0.0008433964732460563}, "27": {"train_loss": 0.0008223792406497523, "validation_loss": 0.0009563130690078344}, "28": {"train_loss": 0.0008159728586906568, "validation_loss": 0.0008440238279299435}, "29": {"train_loss": 0.0008311179875163361, "validation_loss": 0.0008312955848239267}, "30": {"train_loss": 0.0007836913098581135, "validation_loss": 0.000824265685404686}, "31": {"train_loss": 0.0008134847147157416, "validation_loss": 0.0008363591307688978}, "32": {"train_loss": 0.000821354118641466, "validation_loss": 0.000834358268624031}, "33": {"train_loss": 0.0008269974831491708, "validation_loss": 0.0008338169068213069}, "34": {"train_loss": 0.000783261344069615, "validation_loss": 0.0008252583881066987}, "35": {"train_loss": 0.0007756098455283791, "validation_loss": 0.0008239861785293267}, "36": {"train_loss": 0.0008197644347092137, "validation_loss": 0.0008352876228449589}, "37": {"train_loss": 0.0008273076498298905, "validation_loss": 0.0008315414770916569}, "38": {"train_loss": 0.0008481650080066174, "validation_loss": 0.000858773165985004}, "39": {"train_loss": 0.0007890072364825755, "validation_loss": 0.0008141804628475776}, "40": {"train_loss": 0.0007936669756891206, "validation_loss": 0.0008270802402434488}, "41": {"train_loss": 0.0007948867551749573, "validation_loss": 0.0008548966407505062}, "42": {"train_loss": 0.0008181745496112854, "validation_loss": 0.000829621048474962}, "43": {"train_loss": 0.000785959942964837, "validation_loss": 0.0008254298363698757}, "44": {"train_loss": 0.0007952471581520513, "validation_loss": 0.0009304681369499735}, "45": {"train_loss": 0.0007700481212232262, "validation_loss": 0.000825940964301668}, "46": {"train_loss": 0.0008116760530974716, "validation_loss": 0.0008353551583487054}, "47": {"train_loss": 0.0007963040345348417, "validation_loss": 0.0008315726099041263}, "48": {"train_loss": 0.0007855201837373897, "validation_loss": 0.0008601841739829039}, "49": {"train_loss": 0.0007795514337485656, "validation_loss": 0.000852551931614844}}