{"0": {"train_loss": 0.0013932325873756782, "validation_loss": 0.0012722312226337074}, "1": {"train_loss": 0.00118511663924437, "validation_loss": 0.0010966562620900102}, "2": {"train_loss": 0.0010394879732048138, "validation_loss": 0.0010601652754518077}, "3": {"train_loss": 0.0010012432411313056, "validation_loss": 0.0009547566950670667}, "4": {"train_loss": 0.0009468393011484295, "validation_loss": 0.0009880839913950308}, "5": {"train_loss": 0.0009316548990318551, "validation_loss": 0.0009456892941452167}, "6": {"train_loss": 0.0009096223138039931, "validation_loss": 0.0009719865360755774}, "7": {"train_loss": 0.0008944287339691072, "validation_loss": 0.0009131961146967518}, "8": {"train_loss": 0.0009892709214473143, "validation_loss": 0.000912830605332055}, "9": {"train_loss": 0.0008964667394757271, "validation_loss": 0.000893614087419159}, "10": {"train_loss": 0.000877874875208363, "validation_loss": 0.0009056243099425982}, "11": {"train_loss": 0.0009090947055956349, "validation_loss": 0.0008965669775867903}, "12": {"train_loss": 0.0008630765869747847, "validation_loss": 0.0009225597329339714}, "13": {"train_loss": 0.0008975059832446277, "validation_loss": 0.0008758677311792197}, "14": {"train_loss": 0.0008577224946347997, "validation_loss": 0.0009057238739045243}, "15": {"train_loss": 0.0008561564607080072, "validation_loss": 0.0008715705863263885}, "16": {"train_loss": 0.0008076786090387032, "validation_loss": 0.0008741663240624135}, "17": {"train_loss": 0.000837812953395769, "validation_loss": 0.000843027821226285}, "18": {"train_loss": 0.0008477944028563798, "validation_loss": 0.0009143342036193491}, "19": {"train_loss": 0.0008329231524839998, "validation_loss": 0.0008373139911734631}, "20": {"train_loss": 0.0007999528707005084, "validation_loss": 0.0008880557280734851}, "21": {"train_loss": 0.0007969351259525865, "validation_loss": 0.0008658732696529001}, "22": {"train_loss": 0.0008464781113434583, "validation_loss": 0.0008682145720948981}, "23": {"train_loss": 0.0008363585943588987, "validation_loss": 0.0008434553951704582}, "24": {"train_loss": 0.0008329537571407855, "validation_loss": 0.0008452587989048695}, "25": {"train_loss": 0.0008149703884264455, "validation_loss": 0.0008774846981032868}, "26": {"train_loss": 0.0008332960577681661, "validation_loss": 0.000844495047955766}, "27": {"train_loss": 0.0008123992352047935, "validation_loss": 0.0008963630954414411}, "28": {"train_loss": 0.0007958227574126795, "validation_loss": 0.0008686027675509567}, "29": {"train_loss": 0.0008163167866878211, "validation_loss": 0.0008608140476098343}, "30": {"train_loss": 0.0008430070139002055, "validation_loss": 0.0008495956830364865}, "31": {"train_loss": 0.0008229478073772044, "validation_loss": 0.0008532546789056764}, "32": {"train_loss": 0.0007972581970971077, "validation_loss": 0.0008714601411442472}, "33": {"train_loss": 0.0008013272228417918, "validation_loss": 0.0008287646780022904}, "34": {"train_loss": 0.0008211427512578666, "validation_loss": 0.0008210590814126469}, "35": {"train_loss": 0.00084534164192155, "validation_loss": 0.0008572369404975801}, "36": {"train_loss": 0.0008399814069271087, "validation_loss": 0.0008649739978251942}, "37": {"train_loss": 0.0008112384499982, "validation_loss": 0.0008420709065344573}, "38": {"train_loss": 0.0007885167826898397, "validation_loss": 0.0008109813558011627}, "39": {"train_loss": 0.0007993398889666423, "validation_loss": 0.000839152100285359}, "40": {"train_loss": 0.0008338880888186395, "validation_loss": 0.0008205129020415087}, "41": {"train_loss": 0.0007923242634860799, "validation_loss": 0.0008170296085105526}, "42": {"train_loss": 0.0007975620091892778, "validation_loss": 0.00085586719236516}, "43": {"train_loss": 0.0008543460959335789, "validation_loss": 0.000928134330019822}, "44": {"train_loss": 0.0007857126675080508, "validation_loss": 0.0008242734959194114}, "45": {"train_loss": 0.000828478732611984, "validation_loss": 0.0008527623031881858}, "46": {"train_loss": 0.0007911566140828654, "validation_loss": 0.0008324236297595326}, "47": {"train_loss": 0.0007727782392175868, "validation_loss": 0.0008151755461889222}, "48": {"train_loss": 0.0007973242735024542, "validation_loss": 0.0009062188814797273}, "49": {"train_loss": 0.0007473402059404179, "validation_loss": 0.0008240812986547525}}