{"0": {"train_loss": 0.03833751816302538, "validation_loss": 0.026713912285892955}, "1": {"train_loss": 0.002444415829144418, "validation_loss": 0.0021362514006792047}, "2": {"train_loss": 0.0020001545350532978, "validation_loss": 0.0022220970916869242}, "3": {"train_loss": 0.0016903637123759836, "validation_loss": 0.0015354824384781088}, "4": {"train_loss": 0.0012909292576368898, "validation_loss": 0.001332895488624824}, "5": {"train_loss": 0.0011882221853593364, "validation_loss": 0.0011146614404817685}, "6": {"train_loss": 0.0009998562163673341, "validation_loss": 0.001042815850379085}, "7": {"train_loss": 0.0010149846822023391, "validation_loss": 0.0010773162506286875}, "8": {"train_loss": 0.0009636810084339231, "validation_loss": 0.0009954736663705787}, "9": {"train_loss": 0.0009715057193534449, "validation_loss": 0.0009387811612050625}, "10": {"train_loss": 0.0009405321440426633, "validation_loss": 0.0009592903734533973}, "11": {"train_loss": 0.0009795246098656207, "validation_loss": 0.0010735957916591838}, "12": {"train_loss": 0.0009157145171193406, "validation_loss": 0.0009146925064250087}, "13": {"train_loss": 0.0014605455258861184, "validation_loss": 0.0013111198008681933}, "14": {"train_loss": 0.0009873187449993565, "validation_loss": 0.0012438605865061412}, "15": {"train_loss": 0.0009765634284121915, "validation_loss": 0.0009408494980950075}, "16": {"train_loss": 0.0009185882628662511, "validation_loss": 0.0009928886606115181}, "17": {"train_loss": 0.0009011914216680452, "validation_loss": 0.0009435623558640352}, "18": {"train_loss": 0.0009099607435055077, "validation_loss": 0.0009623571143609842}, "19": {"train_loss": 0.0009056272072484716, "validation_loss": 0.0008918341908467456}, "20": {"train_loss": 0.0009231546487426385, "validation_loss": 0.0008960566191841096}, "21": {"train_loss": 0.0008910203410778195, "validation_loss": 0.0008998592743721283}, "22": {"train_loss": 0.0008939916982781142, "validation_loss": 0.0008822648885963164}, "23": {"train_loss": 0.0008799126947997138, "validation_loss": 0.0009024815826577874}, "24": {"train_loss": 0.0008863573611015454, "validation_loss": 0.0008983597563375896}, "25": {"train_loss": 0.0008417527384590358, "validation_loss": 0.0008915201133317883}, "26": {"train_loss": 0.0009033656188985333, "validation_loss": 0.0008774892790424766}, "27": {"train_loss": 0.0009315890942234546, "validation_loss": 0.0009115265277679116}, "28": {"train_loss": 0.0008468211035942659, "validation_loss": 0.0009018213164760843}, "29": {"train_loss": 0.000869810713455081, "validation_loss": 0.000949089367777438}, "30": {"train_loss": 0.0008952022383455187, "validation_loss": 0.0009927905627527237}, "31": {"train_loss": 0.000853363875998184, "validation_loss": 0.0008662476862979766}, "32": {"train_loss": 0.0008258614150108769, "validation_loss": 0.0008881859015934085}, "33": {"train_loss": 0.0008325007780222222, "validation_loss": 0.0008595806646277867}, "34": {"train_loss": 0.0008539773736265488, "validation_loss": 0.0009151238698629401}, "35": {"train_loss": 0.000874105152557604, "validation_loss": 0.0008904374087937248}, "36": {"train_loss": 0.0008618870991049334, "validation_loss": 0.0008603625212318156}, "37": {"train_loss": 0.0008394199073081837, "validation_loss": 0.0009027962228654207}, "38": {"train_loss": 0.0009199440156808123, "validation_loss": 0.0008965818727708058}, "39": {"train_loss": 0.0008193207520525902, "validation_loss": 0.0009102984261348955}, "40": {"train_loss": 0.000824428197578527, "validation_loss": 0.0008541150242949747}, "41": {"train_loss": 0.0008158589850645512, "validation_loss": 0.0008594400499829986}, "42": {"train_loss": 0.0008393482613610104, "validation_loss": 0.0008376991997348706}, "43": {"train_loss": 0.000825093655497767, "validation_loss": 0.000881590079306878}, "44": {"train_loss": 0.0008399420116329565, "validation_loss": 0.0009039950478698054}, "45": {"train_loss": 0.0008001599400304258, "validation_loss": 0.0008449936271649598}, "46": {"train_loss": 0.0008426265410380438, "validation_loss": 0.0008232037729745456}, "47": {"train_loss": 0.0008244831291958689, "validation_loss": 0.0008360577542176894}, "48": {"train_loss": 0.0008145910109160467, "validation_loss": 0.0008610598728624103}, "49": {"train_loss": 0.0008018021765165031, "validation_loss": 0.0008534910349300166}}