{"0": {"train_loss": 0.0015088092335499824, "validation_loss": 0.0018393163612024216}, "1": {"train_loss": 0.0012903239083243534, "validation_loss": 0.0012169650645067966}, "2": {"train_loss": 0.001052027971483767, "validation_loss": 0.0011339286792581224}, "3": {"train_loss": 0.0009994993101572617, "validation_loss": 0.000989211938815115}, "4": {"train_loss": 0.0010051832093158736, "validation_loss": 0.001036202036860558}, "5": {"train_loss": 0.0009925988990580664, "validation_loss": 0.0009576964139172977}, "6": {"train_loss": 0.00096868775843177, "validation_loss": 0.000955799511623088}, "7": {"train_loss": 0.0009445890923961997, "validation_loss": 0.0009062524347514527}, "8": {"train_loss": 0.000929575526388362, "validation_loss": 0.0008830462334719585}, "9": {"train_loss": 0.0008987731748493388, "validation_loss": 0.0009475558290595603}, "10": {"train_loss": 0.000837453224346973, "validation_loss": 0.0009064429899679422}, "11": {"train_loss": 0.000943865139153786, "validation_loss": 0.0008877461193837297}, "12": {"train_loss": 0.000879874164937064, "validation_loss": 0.0008911633370155188}, "13": {"train_loss": 0.0008212846604874357, "validation_loss": 0.0009101833904984927}, "14": {"train_loss": 0.0008856505522271619, "validation_loss": 0.0009261396101424774}, "15": {"train_loss": 0.0008710087615763769, "validation_loss": 0.0009288226001753257}, "16": {"train_loss": 0.000855499969329685, "validation_loss": 0.0008904885691380568}, "17": {"train_loss": 0.0008420592093607411, "validation_loss": 0.0008728413967599214}, "18": {"train_loss": 0.0008106398193631321, "validation_loss": 0.0008781275426911134}, "19": {"train_loss": 0.0008596441195113584, "validation_loss": 0.0008673295997816388}, "20": {"train_loss": 0.000859541869838722, "validation_loss": 0.0008492024573659845}, "21": {"train_loss": 0.0008428331976756454, "validation_loss": 0.0008499940289142742}, "22": {"train_loss": 0.0008560703578405082, "validation_loss": 0.0009092203343025828}, "23": {"train_loss": 0.0008783817541552708, "validation_loss": 0.0008598986642330323}, "24": {"train_loss": 0.0008392875576391817, "validation_loss": 0.0008750563419706434}, "25": {"train_loss": 0.0008227618418168277, "validation_loss": 0.0009016221513484873}, "26": {"train_loss": 0.0008224286600016057, "validation_loss": 0.0008558628750735297}, "27": {"train_loss": 0.0008150754427770153, "validation_loss": 0.0008113891113402295}, "28": {"train_loss": 0.0008667064316105098, "validation_loss": 0.000862921157728771}, "29": {"train_loss": 0.0008097769425949082, "validation_loss": 0.0008594000001330112}, "30": {"train_loss": 0.000837566175730899, "validation_loss": 0.0008485727429256482}, "31": {"train_loss": 0.0008457759111188352, "validation_loss": 0.0008679235128422762}, "32": {"train_loss": 0.000815439092926681, "validation_loss": 0.0008506700465806014}, "33": {"train_loss": 0.0008038891780888662, "validation_loss": 0.0008560301573738224}, "34": {"train_loss": 0.000805595769896172, "validation_loss": 0.000842798146923768}, "35": {"train_loss": 0.0008450610555009916, "validation_loss": 0.0009315323505751129}, "36": {"train_loss": 0.0008006110116839409, "validation_loss": 0.0008292149995040728}, "37": {"train_loss": 0.0008630015687085688, "validation_loss": 0.0008397040324205484}, "38": {"train_loss": 0.0008356491347076371, "validation_loss": 0.0008374031894421414}, "39": {"train_loss": 0.0008324705990962684, "validation_loss": 0.000913181785259173}, "40": {"train_loss": 0.0008008389207534492, "validation_loss": 0.0008518583966080654}, "41": {"train_loss": 0.0008163325120694935, "validation_loss": 0.0008613648070449991}, "42": {"train_loss": 0.0008127518226392567, "validation_loss": 0.0008283304651261868}, "43": {"train_loss": 0.0007879661344923079, "validation_loss": 0.0008461542760436998}, "44": {"train_loss": 0.0008448817186290399, "validation_loss": 0.0008377684008044692}, "45": {"train_loss": 0.000788023745524697, "validation_loss": 0.0008254568486534636}, "46": {"train_loss": 0.0008130415461491793, "validation_loss": 0.0008272501865590452}, "47": {"train_loss": 0.0007861452363431454, "validation_loss": 0.0008435217298758564}, "48": {"train_loss": 0.0008098353969398886, "validation_loss": 0.0008503349769177655}, "49": {"train_loss": 0.0007655414547771216, "validation_loss": 0.0008434136900889925}}